[
  {
    "id": 1,
    "name": "Sarah Johnson",
    "jobTitle": "Senior Frontend Developer",
    "company": "TechCorp Inc.",
    "location": "San Francisco, CA",
    "salary": "$120,000 - $150,000",
    "skills": ["React", "TypeScript", "Node.js", "AWS", "Docker", "GraphQL"],
    "experience": "5+ years",
    "education": "BS Computer Science",
    "resumeUrl": "/resumes/sarah-johnson.pdf",
    "profileImage": "/profiles/sarah-johnson.jpg"
  },
  {
    "id": 2,
    "name": "Michael Chen",
    "jobTitle": "Full Stack Engineer",
    "company": "StartupXYZ",
    "location": "New York, NY",
    "salary": "$100,000 - $130,000",
    "skills": ["Vue.js", "Python", "PostgreSQL", "Redis", "Kubernetes", "Django"],
    "experience": "4+ years",
    "education": "MS Software Engineering",
    "resumeUrl": "/resumes/michael-chen.pdf",
    "profileImage": "/profiles/michael-chen.jpg"
  },
  {
    "id": 3,
    "name": "Emily Rodriguez",
    "jobTitle": "UI/UX Designer",
    "company": "DesignStudio",
    "location": "Austin, TX",
    "salary": "$80,000 - $110,000",
    "skills": ["Figma", "Adobe XD", "Sketch", "HTML/CSS", "JavaScript", "Prototyping"],
    "experience": "3+ years",
    "education": "BFA Graphic Design",
    "resumeUrl": "/resumes/emily-rodriguez.pdf",
    "profileImage": "/profiles/emily-rodriguez.jpg"
  },
  {
    "id": 4,
    "name": "David Kim",
    "jobTitle": "Backend Developer",
    "company": "DataFlow Systems",
    "location": "Seattle, WA",
    "salary": "$110,000 - $140,000",
    "skills": ["Java", "Spring Boot", "Microservices", "MongoDB", "Kafka", "Docker"],
    "experience": "6+ years",
    "education": "BS Computer Engineering",
    "resumeUrl": "/resumes/david-kim.pdf",
    "profileImage": "/profiles/david-kim.jpg"
  },
  {
    "id": 5,
    "name": "Lisa Wang",
    "jobTitle": "DevOps Engineer",
    "company": "CloudTech Solutions",
    "location": "Denver, CO",
    "salary": "$115,000 - $145,000",
    "skills": ["AWS", "Terraform", "Jenkins", "Docker", "Linux", "Ansible"],
    "experience": "4+ years",
    "education": "MS Information Technology",
    "resumeUrl": "/resumes/lisa-wang.pdf",
    "profileImage": "/profiles/lisa-wang.jpg"
  },
  {
    "id": 6,
    "name": "James Wilson",
    "jobTitle": "Mobile App Developer",
    "company": "AppCraft",
    "location": "Miami, FL",
    "salary": "$90,000 - $120,000",
    "skills": ["React Native", "Flutter", "iOS", "Android", "Firebase", "Swift"],
    "experience": "3+ years",
    "education": "BS Mobile Development",
    "resumeUrl": "/resumes/james-wilson.pdf",
    "profileImage": "/profiles/james-wilson.jpg"
  },
  {
    "id": 7,
    "name": "Alexandra Thompson",
    "jobTitle": "Data Scientist",
    "company": "Analytics Pro",
    "location": "Boston, MA",
    "salary": "$105,000 - $135,000",
    "skills": ["Python", "Machine Learning", "TensorFlow", "Pandas", "SQL", "R"],
    "experience": "4+ years",
    "education": "PhD Data Science",
    "resumeUrl": "/resumes/alexandra-thompson.pdf",
    "profileImage": "/profiles/alexandra-thompson.jpg"
  },
  {
    "id": 8,
    "name": "Robert Martinez",
    "jobTitle": "Cloud Architect",
    "company": "CloudFirst",
    "location": "Chicago, IL",
    "salary": "$130,000 - $160,000",
    "skills": ["AWS", "Azure", "Kubernetes", "Terraform", "Docker", "Microservices"],
    "experience": "7+ years",
    "education": "MS Cloud Computing",
    "resumeUrl": "/resumes/robert-martinez.pdf",
    "profileImage": "/profiles/robert-martinez.jpg"
  },
  {
    "id": 9,
    "name": "Jennifer Lee",
    "jobTitle": "Product Manager",
    "company": "ProductLab",
    "location": "Portland, OR",
    "salary": "$95,000 - $125,000",
    "skills": ["Agile", "Scrum", "Product Strategy", "Analytics", "Figma", "Jira"],
    "experience": "5+ years",
    "education": "MBA Product Management",
    "resumeUrl": "/resumes/jennifer-lee.pdf",
    "profileImage": "/profiles/jennifer-lee.jpg"
  },
  {
    "id": 10,
    "name": "Christopher Brown",
    "jobTitle": "Security Engineer",
    "company": "SecureTech",
    "location": "Washington, DC",
    "salary": "$125,000 - $155,000",
    "skills": ["Cybersecurity", "Penetration Testing", "SIEM", "Firewall", "Linux", "Python"],
    "experience": "6+ years",
    "education": "MS Cybersecurity",
    "resumeUrl": "/resumes/christopher-brown.pdf",
    "profileImage": "/profiles/christopher-brown.jpg"
  }
]
